{
  "/slider 10": {
    "min": 0,
    "max": 1,
    "value": 0.07874015718698502
  },
  "/slider 6": {
    "min": 0,
    "max": 1,
    "value": 0.3199999928474426
  },
  "/slider 7": {
    "min": 0,
    "max": 1,
    "value": 0.3199999928474426
  },
  "/slider 4": {
    "min": 0,
    "max": 1,
    "value": 0
  },
  "/slider 5": {
    "min": 0,
    "max": 1,
    "value": 0
  },
  "/slider 2": {
    "min": 0,
    "max": 1,
    "value": 0.015748031437397003
  },
  "/slider 3": {
    "min": 0,
    "max": 1,
    "value": 0.9527559280395508
  },
  "/slider 0": {
    "min": 0,
    "max": 1,
    "value": 0.3199999928474426
  },
  "/slider 1": {
    "min": 0,
    "max": 1,
    "value": 0.023622047156095505
  },
  "/slider 17": {
    "min": 0,
    "max": 1,
    "value": 0.3199999928474426
  },
  "/slider 16": {
    "min": 0,
    "max": 1,
    "value": 0.3199999928474426
  },
  "/slider 15": {
    "min": 0,
    "max": 1,
    "value": 0.3199999928474426
  },
  "/slider 14": {
    "min": 0,
    "max": 1,
    "value": 0.3199999928474426
  },
  "/slider 13": {
    "min": 0,
    "max": 1,
    "value": 0
  },
  "/slider 12": {
    "min": 0,
    "max": 1,
    "value": 0
  },
  "/slider 8": {
    "min": 0,
    "max": 1,
    "value": 0.3199999928474426
  },
  "/slider 11": {
    "min": 0,
    "max": 1,
    "value": 0.11811023950576782
  },
  "/slider 9": {
    "min": 0,
    "max": 1,
    "value": 0.8503937125205994
  }
}