{
  "/slider 10": {
    "min": 0,
    "max": 1,
    "value": 0.12598425149917603
  },
  "/slider 6": {
    "min": 0,
    "max": 1,
    "value": 0.3199999928474426
  },
  "/slider 7": {
    "min": 0,
    "max": 1,
    "value": 0.3199999928474426
  },
  "/slider 4": {
    "min": 0,
    "max": 1,
    "value": 0.023622047156095505
  },
  "/slider 5": {
    "min": 0,
    "max": 1,
    "value": 0.023622047156095505
  },
  "/slider 2": {
    "min": 0,
    "max": 1,
    "value": 0.03937007859349251
  },
  "/slider 3": {
    "min": 0,
    "max": 1,
    "value": 0.913385808467865
  },
  "/slider 0": {
    "min": 0,
    "max": 1,
    "value": 0.3199999928474426
  },
  "/slider 1": {
    "min": 0,
    "max": 1,
    "value": 0.031496062874794006
  },
  "/slider 17": {
    "min": 0,
    "max": 1,
    "value": 0.3199999928474426
  },
  "/slider 16": {
    "min": 0,
    "max": 1,
    "value": 0.3199999928474426
  },
  "/slider 15": {
    "min": 0,
    "max": 1,
    "value": 0.3199999928474426
  },
  "/slider 14": {
    "min": 0,
    "max": 1,
    "value": 0.3199999928474426
  },
  "/slider 13": {
    "min": 0,
    "max": 1,
    "value": 0
  },
  "/slider 12": {
    "min": 0,
    "max": 1,
    "value": 0
  },
  "/slider 8": {
    "min": 0,
    "max": 1,
    "value": 0.3199999928474426
  },
  "/slider 11": {
    "min": 0,
    "max": 1,
    "value": 0.19685038924217224
  },
  "/slider 9": {
    "min": 0,
    "max": 1,
    "value": 0.9212598204612732
  }
}