{
  "/slider 10": {
    "min": 0,
    "max": 1,
    "value": 0.3199999928474426
  },
  "/slider 6": {
    "min": 0,
    "max": 1,
    "value": 0.3199999928474426
  },
  "/slider 7": {
    "min": 0,
    "max": 1,
    "value": 0.3199999928474426
  },
  "/slider 4": {
    "min": 0,
    "max": 1,
    "value": 0.3199999928474426
  },
  "/slider 5": {
    "min": 0,
    "max": 1,
    "value": 0.3199999928474426
  },
  "/slider 2": {
    "min": 0,
    "max": 1,
    "value": 0.3199999928474426
  },
  "/slider 3": {
    "min": 0,
    "max": 1,
    "value": 0.3199999928474426
  },
  "/slider 0": {
    "min": 0,
    "max": 1,
    "value": 0.3199999928474426
  },
  "/slider 1": {
    "min": 0,
    "max": 1,
    "value": 0.3199999928474426
  },
  "/slider 17": {
    "min": 0,
    "max": 1,
    "value": 0.3199999928474426
  },
  "/slider 16": {
    "min": 0,
    "max": 1,
    "value": 0.3199999928474426
  },
  "/slider 15": {
    "min": 0,
    "max": 1,
    "value": 0.3199999928474426
  },
  "/slider 14": {
    "min": 0,
    "max": 1,
    "value": 0.3199999928474426
  },
  "/slider 13": {
    "min": 0,
    "max": 1,
    "value": 0.3199999928474426
  },
  "/slider 12": {
    "min": 0,
    "max": 1,
    "value": 0.3199999928474426
  },
  "/slider 8": {
    "min": 0,
    "max": 1,
    "value": 0.3199999928474426
  },
  "/slider 11": {
    "min": 0,
    "max": 1,
    "value": 0.3199999928474426
  },
  "/slider 9": {
    "min": 0,
    "max": 1,
    "value": 0.3199999928474426
  }
}