{
  "/slider 10": {
    "min": 0,
    "max": 1,
    "value": 0.7244094610214233
  },
  "/slider 6": {
    "min": 0,
    "max": 1,
    "value": 0.12000000476837158
  },
  "/slider 7": {
    "min": 0,
    "max": 1,
    "value": 0.5118110179901123
  },
  "/slider 4": {
    "min": 0,
    "max": 1,
    "value": 0.6200000047683716
  },
  "/slider 5": {
    "min": 0,
    "max": 1,
    "value": 0.29333335161209106
  },
  "/slider 2": {
    "min": 0,
    "max": 1,
    "value": 0.3199999928474426
  },
  "/slider 3": {
    "min": 0,
    "max": 1,
    "value": 0.8133333325386047
  },
  "/slider 0": {
    "min": 0,
    "max": 1,
    "value": 1
  },
  "/slider 1": {
    "min": 0,
    "max": 1,
    "value": 0.019999999552965164
  },
  "/slider 17": {
    "min": 0,
    "max": 1,
    "value": 0.3199999928474426
  },
  "/slider 16": {
    "min": 0,
    "max": 1,
    "value": 0.8425197005271912
  },
  "/slider 15": {
    "min": 0,
    "max": 1,
    "value": 0.8818897604942322
  },
  "/slider 14": {
    "min": 0,
    "max": 1,
    "value": 0.007874015718698502
  },
  "/slider 13": {
    "min": 0,
    "max": 1,
    "value": 0.27559053897857666
  },
  "/slider 12": {
    "min": 0,
    "max": 1,
    "value": 0.015748031437397003
  },
  "/slider 8": {
    "min": 0,
    "max": 1,
    "value": 0.5354330539703369
  },
  "/slider 11": {
    "min": 0,
    "max": 1,
    "value": 0.874015748500824
  },
  "/slider 9": {
    "min": 0,
    "max": 1,
    "value": 0.015748031437397003
  }
}