{
  "/slider 10": {
    "min": 0,
    "max": 1,
    "value": 0.1066666692495346
  },
  "/slider 6": {
    "min": 0,
    "max": 1,
    "value": 0.1133333370089531
  },
  "/slider 7": {
    "min": 0,
    "max": 1,
    "value": 0.1133333370089531
  },
  "/slider 4": {
    "min": 0,
    "max": 1,
    "value": 0.10000000149011612
  },
  "/slider 5": {
    "min": 0,
    "max": 1,
    "value": 0.1066666692495346
  },
  "/slider 2": {
    "min": 0,
    "max": 1,
    "value": 0.08666666597127914
  },
  "/slider 3": {
    "min": 0,
    "max": 1,
    "value": 0.10000000149011612
  },
  "/slider 0": {
    "min": 0,
    "max": 1,
    "value": 0.08666666597127914
  },
  "/slider 1": {
    "min": 0,
    "max": 1,
    "value": 0.08666666597127914
  },
  "/slider 17": {
    "min": 0,
    "max": 1,
    "value": 0.1133333370089531
  },
  "/slider 16": {
    "min": 0,
    "max": 1,
    "value": 0.10000000149011612
  },
  "/slider 15": {
    "min": 0,
    "max": 1,
    "value": 0.1066666692495346
  },
  "/slider 14": {
    "min": 0,
    "max": 1,
    "value": 0.12000000476837158
  },
  "/slider 13": {
    "min": 0,
    "max": 1,
    "value": 0.10000000149011612
  },
  "/slider 12": {
    "min": 0,
    "max": 1,
    "value": 0.1133333370089531
  },
  "/slider 8": {
    "min": 0,
    "max": 1,
    "value": 0.1066666692495346
  },
  "/slider 11": {
    "min": 0,
    "max": 1,
    "value": 0.12666666507720947
  },
  "/slider 9": {
    "min": 0,
    "max": 1,
    "value": 0.1133333370089531
  }
}